first,second,oracle_guaranteed,factored_guaranteed,state_coverage,semantic_similarity
CreateOrder,CreateOrder,False,False,1.0,1.0
CreateOrder,MakePayment,True,True,1.0,0.2785714285714286
CreateOrder,SendNotification,False,False,0.3333333333333333,0.2714285714285714
CreateOrder,CancelCart,False,False,0.0,0.2785714285714286
CreateOrder,CreateOrder_DATABASE,False,False,1.0,1.0
CreateOrder,CreateOrder_GUI,False,False,1.0,1.0
CreateOrder,WrongTypedPayment,False,False,1.0,0.2785714285714286
CreateOrder,ChangeTheme,True,True,1.0,0.3
CreateOrder,ClearCart,False,False,0.0,0.2785714285714286
CreateOrder,CheckedOrder,False,False,0.375,0.9678571428571427
CreateOrder,Refund,False,False,0.3333333333333333,0.2714285714285714
MakePayment,CreateOrder,False,False,1.0,0.2785714285714286
MakePayment,MakePayment,False,False,1.0,1.0
MakePayment,SendNotification,True,True,1.0,0.24999999999999997
MakePayment,CancelCart,False,False,0.0,0.2571428571428571
MakePayment,CreateOrder_DATABASE,False,False,1.0,0.2785714285714286
MakePayment,CreateOrder_GUI,False,False,1.0,0.2785714285714286
MakePayment,WrongTypedPayment,False,False,1.0,1.0
MakePayment,ChangeTheme,True,True,1.0,0.2785714285714286
MakePayment,ClearCart,False,False,0.0,0.2571428571428571
MakePayment,CheckedOrder,False,False,0.375,0.2464285714285714
MakePayment,Refund,True,True,1.0,0.24999999999999997
SendNotification,CreateOrder,False,False,1.0,0.2714285714285714
SendNotification,MakePayment,False,False,0.5,0.24999999999999997
SendNotification,SendNotification,False,False,1.0,1.0
SendNotification,CancelCart,False,False,0.5,0.24999999999999997
SendNotification,CreateOrder_DATABASE,False,False,1.0,0.2714285714285714
SendNotification,CreateOrder_GUI,False,False,1.0,0.2714285714285714
SendNotification,WrongTypedPayment,False,False,0.5,0.24999999999999997
SendNotification,ChangeTheme,True,True,1.0,0.2714285714285714
SendNotification,ClearCart,False,False,0.5,0.24999999999999997
SendNotification,CheckedOrder,False,False,0.375,0.23928571428571427
SendNotification,Refund,False,False,1.0,0.3
CancelCart,CreateOrder,False,False,1.0,0.2785714285714286
CancelCart,MakePayment,False,False,0.0,0.2571428571428571
CancelCart,SendNotification,False,False,0.3333333333333333,0.24999999999999997
CancelCart,CancelCart,True,True,1.0,1.0
CancelCart,CreateOrder_DATABASE,False,False,1.0,0.2785714285714286
CancelCart,CreateOrder_GUI,False,False,1.0,0.2785714285714286
CancelCart,WrongTypedPayment,False,False,0.0,0.2571428571428571
CancelCart,ChangeTheme,True,True,1.0,0.2785714285714286
CancelCart,ClearCart,True,True,1.0,1.0
CancelCart,CheckedOrder,False,False,0.375,0.2464285714285714
CancelCart,Refund,False,False,0.3333333333333333,0.24999999999999997
CreateOrder_DATABASE,CreateOrder,False,False,1.0,1.0
CreateOrder_DATABASE,MakePayment,True,True,1.0,0.2785714285714286
CreateOrder_DATABASE,SendNotification,False,False,0.3333333333333333,0.2714285714285714
CreateOrder_DATABASE,CancelCart,False,False,0.0,0.2785714285714286
CreateOrder_DATABASE,CreateOrder_DATABASE,False,False,1.0,1.0
CreateOrder_DATABASE,CreateOrder_GUI,False,False,1.0,1.0
CreateOrder_DATABASE,WrongTypedPayment,False,False,1.0,0.2785714285714286
CreateOrder_DATABASE,ChangeTheme,True,True,1.0,0.3
CreateOrder_DATABASE,ClearCart,False,False,0.0,0.2785714285714286
CreateOrder_DATABASE,CheckedOrder,False,False,0.375,0.9678571428571427
CreateOrder_DATABASE,Refund,False,False,0.3333333333333333,0.2714285714285714
CreateOrder_GUI,CreateOrder,False,False,1.0,1.0
CreateOrder_GUI,MakePayment,True,True,1.0,0.2785714285714286
CreateOrder_GUI,SendNotification,False,False,0.3333333333333333,0.2714285714285714
CreateOrder_GUI,CancelCart,False,False,0.0,0.2785714285714286
CreateOrder_GUI,CreateOrder_DATABASE,False,False,1.0,1.0
CreateOrder_GUI,CreateOrder_GUI,False,False,1.0,1.0
CreateOrder_GUI,WrongTypedPayment,False,False,1.0,0.2785714285714286
CreateOrder_GUI,ChangeTheme,True,True,1.0,0.3
CreateOrder_GUI,ClearCart,False,False,0.0,0.2785714285714286
CreateOrder_GUI,CheckedOrder,False,False,0.375,0.9678571428571427
CreateOrder_GUI,Refund,False,False,0.3333333333333333,0.2714285714285714
WrongTypedPayment,CreateOrder,False,False,1.0,0.2785714285714286
WrongTypedPayment,MakePayment,False,False,1.0,1.0
WrongTypedPayment,SendNotification,False,False,1.0,0.24999999999999997
WrongTypedPayment,CancelCart,False,False,0.0,0.2571428571428571
WrongTypedPayment,CreateOrder_DATABASE,False,False,1.0,0.2785714285714286
WrongTypedPayment,CreateOrder_GUI,False,False,1.0,0.2785714285714286
WrongTypedPayment,WrongTypedPayment,False,False,1.0,1.0
WrongTypedPayment,ChangeTheme,True,True,1.0,0.2785714285714286
WrongTypedPayment,ClearCart,False,False,0.0,0.2571428571428571
WrongTypedPayment,CheckedOrder,False,False,0.375,0.2464285714285714
WrongTypedPayment,Refund,False,False,1.0,0.24999999999999997
ChangeTheme,CreateOrder,False,False,1.0,0.3
ChangeTheme,MakePayment,False,False,0.5,0.2785714285714286
ChangeTheme,SendNotification,False,False,0.3333333333333333,0.2714285714285714
ChangeTheme,CancelCart,False,False,0.5,0.2785714285714286
ChangeTheme,CreateOrder_DATABASE,False,False,1.0,0.3
ChangeTheme,CreateOrder_GUI,False,False,1.0,0.3
ChangeTheme,WrongTypedPayment,False,False,0.5,0.2785714285714286
ChangeTheme,ChangeTheme,True,True,1.0,1.0
ChangeTheme,ClearCart,False,False,0.5,0.2785714285714286
ChangeTheme,CheckedOrder,False,False,0.375,0.26785714285714285
ChangeTheme,Refund,False,False,0.3333333333333333,0.2714285714285714
ClearCart,CreateOrder,False,False,1.0,0.2785714285714286
ClearCart,MakePayment,False,False,0.0,0.2571428571428571
ClearCart,SendNotification,False,False,0.3333333333333333,0.24999999999999997
ClearCart,CancelCart,True,True,1.0,1.0
ClearCart,CreateOrder_DATABASE,False,False,1.0,0.2785714285714286
ClearCart,CreateOrder_GUI,False,False,1.0,0.2785714285714286
ClearCart,WrongTypedPayment,False,False,0.0,0.2571428571428571
ClearCart,ChangeTheme,True,True,1.0,0.2785714285714286
ClearCart,ClearCart,True,True,1.0,1.0
ClearCart,CheckedOrder,False,False,0.375,0.2464285714285714
ClearCart,Refund,False,False,0.3333333333333333,0.24999999999999997
CheckedOrder,CreateOrder,False,False,1.0,0.9678571428571427
CheckedOrder,MakePayment,True,True,1.0,0.2464285714285714
CheckedOrder,SendNotification,False,False,0.3333333333333333,0.23928571428571427
CheckedOrder,CancelCart,False,False,0.0,0.2464285714285714
CheckedOrder,CreateOrder_DATABASE,False,False,1.0,0.9678571428571427
CheckedOrder,CreateOrder_GUI,False,False,1.0,0.9678571428571427
CheckedOrder,WrongTypedPayment,False,False,1.0,0.2464285714285714
CheckedOrder,ChangeTheme,True,True,1.0,0.26785714285714285
CheckedOrder,ClearCart,False,False,0.0,0.2464285714285714
CheckedOrder,CheckedOrder,False,False,1.0,1.0
CheckedOrder,Refund,False,False,0.3333333333333333,0.23928571428571427
Refund,CreateOrder,False,False,1.0,0.2714285714285714
Refund,MakePayment,False,False,0.5,0.24999999999999997
Refund,SendNotification,False,False,0.0,0.3
Refund,CancelCart,False,False,0.5,0.24999999999999997
Refund,CreateOrder_DATABASE,False,False,1.0,0.2714285714285714
Refund,CreateOrder_GUI,False,False,1.0,0.2714285714285714
Refund,WrongTypedPayment,False,False,0.5,0.24999999999999997
Refund,ChangeTheme,True,True,1.0,0.2714285714285714
Refund,ClearCart,False,False,0.5,0.24999999999999997
Refund,CheckedOrder,False,False,0.375,0.23928571428571427
Refund,Refund,False,False,0.0,1.0
